
   {
      "type":"FeatureCollection",
      "features":[
         {
            "type":"Feature",
            "id": "01",
            "properties":{
               "name":"Albania"
            },
            "geometry":{
               "type":"Polygon",
               "coordinates":[
                  [
                     [
                        20.590247430104906,
                        41.855404161133606
                     ],
                     [
                        20.463175083099202,
                        41.51508901627533
                     ],
                     [
                        20.605181919037364,
                        41.08622630468522
                     ],
                     [
                        21.0200403174764,
                        40.84272695572588
                     ],
                     [
                        20.999989861747224,
                        40.58000397395397
                     ],
                     [
                        20.674996779063633,
                        40.43499990494303
                     ],
                     [
                        20.615000441172754,
                        40.11000682225938
                     ],
                     [
                        20.15001590341052,
                        39.62499766698397
                     ],
                     [
                        19.980000441170144,
                        39.69499339452341
                     ],
                     [
                        19.960001661873207,
                        39.91500580500605
                     ],
                     [
                        19.406081984136733,
                        40.250773423822466
                     ],
                     [
                        19.319058872157143,
                        40.72723012955356
                     ],
                     [
                        19.40354983895429,
                        41.40956574153546
                     ],
                     [
                        19.540027296637106,
                        41.71998607031276
                     ],
                     [
                        19.37176883309496,
                        41.877547512370654
                     ],
                     [
                        19.304486118250793,
                        42.19574514420782
                     ],
                     [
                        19.738051385179627,
                        42.688247382165564
                     ],
                     [
                        19.801613396898688,
                        42.50009349219084
                     ],
                     [
                        20.0707,
                        42.58863
                     ],
                     [
                        20.283754510181893,
                        42.32025950781508
                     ],
                     [
                        20.52295,
                        42.21787
                     ],
                     [
                        20.590247430104906,
                        41.855404161133606
                     ]
                  ]
               ]
            }
         },
         {
            "type":"Feature",
            "id": "02",
            "properties":{
               "name":"Czech Rep."
            },
            "geometry":{
               "type":"Polygon",
               "coordinates":[
                  [
                     [
                        16.960288120194576,
                        48.5969823268506
                     ],
                     [
                        16.49928266771877,
                        48.78580801044511
                     ],
                     [
                        16.02964725105022,
                        48.73389903420793
                     ],
                     [
                        15.253415561593982,
                        49.039074205107575
                     ],
                     [
                        14.901447381254057,
                        48.964401760445824
                     ],
                     [
                        14.33889773932472,
                        48.5553052842072
                     ],
                     [
                        13.595945672264437,
                        48.87717194273715
                     ],
                     [
                        13.031328973043431,
                        49.30706818297324
                     ],
                     [
                        12.521024204161192,
                        49.547415269562734
                     ],
                     [
                        12.415190870827445,
                        49.96912079528057
                     ],
                     [
                        12.240111118222558,
                        50.266337795607285
                     ],
                     [
                        12.966836785543194,
                        50.484076443069085
                     ],
                     [
                        13.338131951560285,
                        50.73323436136435
                     ],
                     [
                        14.056227654688172,
                        50.92691762959429
                     ],
                     [
                        14.307013380600637,
                        51.117267767941414
                     ],
                     [
                        14.570718214586066,
                        51.002339382524276
                     ],
                     [
                        15.01699588385867,
                        51.10667409932158
                     ],
                     [
                        15.490972120839727,
                        50.78472992614321
                     ],
                     [
                        16.23862674323857,
                        50.69773265237984
                     ],
                     [
                        16.176253289462267,
                        50.42260732685791
                     ],
                     [
                        16.719475945714436,
                        50.21574656839354
                     ],
                     [
                        16.868769158605655,
                        50.47397370055603
                     ],
                     [
                        17.55456709155112,
                        50.36214590107641
                     ],
                     [
                        17.64944502123899,
                        50.049038397819956
                     ],
                     [
                        18.392913852622172,
                        49.98862864847075
                     ],
                     [
                        18.853144158613617,
                        49.49622976337764
                     ],
                     [
                        18.554971144289482,
                        49.49501536721878
                     ],
                     [
                        18.399993523846177,
                        49.31500051533004
                     ],
                     [
                        18.170498488037964,
                        49.271514797556435
                     ],
                     [
                        18.104972771891852,
                        49.04398346617531
                     ],
                     [
                        17.913511590250465,
                        48.996492824899086
                     ],
                     [
                        17.88648481616181,
                        48.90347524677371
                     ],
                     [
                        17.545006951577108,
                        48.80001902932537
                     ],
                     [
                        17.101984897538898,
                        48.81696889911711
                     ],
                     [
                        16.960288120194576,
                        48.5969823268506
                     ]
                  ]
               ]
            }
         },
         {
            "type":"Feature",
            "id": "03",
            "properties":{
               "name":"Germany"
            },
            "geometry":{
               "type":"Polygon",
               "coordinates":[
                  [
                     [
                        9.921906365609232,
                        54.983104153048025
                     ],
                     [
                        9.9395797054529,
                        54.596641954153256
                     ],
                     [
                        10.950112338920519,
                        54.363607082733154
                     ],
                     [
                        10.939466993868448,
                        54.00869334575258
                     ],
                     [
                        11.956252475643282,
                        54.19648550070116
                     ],
                     [
                        12.518440382546714,
                        54.47037059184799
                     ],
                     [
                        13.647467075259499,
                        54.0755109727059
                     ],
                     [
                        14.119686313542559,
                        53.75702912049103
                     ],
                     [
                        14.353315463934168,
                        53.248171291713106
                     ],
                     [
                        14.074521111719434,
                        52.98126251892535
                     ],
                     [
                        14.4375997250022,
                        52.624850165408304
                     ],
                     [
                        14.685026482815713,
                        52.089947414755216
                     ],
                     [
                        14.607098422919648,
                        51.745188096719964
                     ],
                     [
                        15.016995883858781,
                        51.10667409932171
                     ],
                     [
                        14.570718214586122,
                        51.00233938252438
                     ],
                     [
                        14.307013380600665,
                        51.11726776794137
                     ],
                     [
                        14.056227654688314,
                        50.92691762959435
                     ],
                     [
                        13.338131951560397,
                        50.73323436136428
                     ],
                     [
                        12.96683678554325,
                        50.48407644306917
                     ],
                     [
                        12.240111118222671,
                        50.26633779560723
                     ],
                     [
                        12.415190870827473,
                        49.96912079528062
                     ],
                     [
                        12.521024204161336,
                        49.54741526956275
                     ],
                     [
                        13.031328973043514,
                        49.30706818297324
                     ],
                     [
                        13.595945672264577,
                        48.877171942737164
                     ],
                     [
                        13.243357374737116,
                        48.41611481382903
                     ],
                     [
                        12.884102817443873,
                        48.28914581968786
                     ],
                     [
                        13.025851271220517,
                        47.63758352313595
                     ],
                     [
                        12.932626987366064,
                        47.467645575544
                     ],
                     [
                        12.620759718484521,
                        47.672387600284424
                     ],
                     [
                        12.141357456112871,
                        47.70308340106578
                     ],
                     [
                        11.426414015354851,
                        47.52376618101306
                     ],
                     [
                        10.544504021861597,
                        47.5663992376538
                     ],
                     [
                        10.402083774465325,
                        47.30248769793916
                     ],
                     [
                        9.896068149463188,
                        47.580196845075704
                     ],
                     [
                        9.594226108446376,
                        47.5250580918202
                     ],
                     [
                        8.522611932009795,
                        47.83082754169135
                     ],
                     [
                        8.317301466514095,
                        47.61357982033627
                     ],
                     [
                        7.466759067422288,
                        47.62058197691192
                     ],
                     [
                        7.593676385131062,
                        48.33301911070373
                     ],
                     [
                        8.099278598674855,
                        49.01778351500343
                     ],
                     [
                        6.658229607783709,
                        49.20195831969164
                     ],
                     [
                        6.186320428094177,
                        49.463802802114515
                     ],
                     [
                        6.242751092156993,
                        49.90222565367873
                     ],
                     [
                        6.043073357781111,
                        50.128051662794235
                     ],
                     [
                        6.156658155958779,
                        50.80372101501058
                     ],
                     [
                        5.988658074577813,
                        51.851615709025054
                     ],
                     [
                        6.589396599970826,
                        51.852029120483394
                     ],
                     [
                        6.842869500362383,
                        52.22844025329755
                     ],
                     [
                        7.092053256873896,
                        53.14404328064489
                     ],
                     [
                        6.905139601274129,
                        53.48216217713064
                     ],
                     [
                        7.100424838905268,
                        53.69393219666267
                     ],
                     [
                        7.936239454793962,
                        53.74829580343379
                     ],
                     [
                        8.121706170289485,
                        53.52779246684429
                     ],
                     [
                        8.800734490604668,
                        54.020785630908904
                     ],
                     [
                        8.572117954145368,
                        54.39564647075405
                     ],
                     [
                        8.526229282270208,
                        54.96274363872516
                     ],
                     [
                        9.282048780971136,
                        54.83086538351631
                     ],
                     [
                        9.921906365609232,
                        54.983104153048025
                     ]
                  ]
               ]
            }
         },
         {
            "type":"Feature",
            "id": "04",
            "properties":{
               "name":"Spain"
            },
            "geometry":{
               "type":"Polygon",
               "coordinates":[
                  [
                     [
                        -9.034817674180246,
                        41.88057058365967
                     ],
                     [
                        -8.984433152695672,
                        42.59277517350627
                     ],
                     [
                        -9.392883673530648,
                        43.0266246608127
                     ],
                     [
                        -7.978189663108309,
                        43.748337714200986
                     ],
                     [
                        -6.754491746436756,
                        43.567909450853925
                     ],
                     [
                        -5.411886359061596,
                        43.574239813809676
                     ],
                     [
                        -4.347842779955783,
                        43.40344920508504
                     ],
                     [
                        -3.51753170410609,
                        43.4559007838613
                     ],
                     [
                        -1.901351284177764,
                        43.42280202897834
                     ],
                     [
                        -1.502770961910528,
                        43.03401439063043
                     ],
                     [
                        0.338046909190581,
                        42.57954600683954
                     ],
                     [
                        0.701590610363894,
                        42.7957343613326
                     ],
                     [
                        1.826793247087153,
                        42.34338471126569
                     ],
                     [
                        2.985998976258458,
                        42.47301504166986
                     ],
                     [
                        3.039484083680549,
                        41.892120266276905
                     ],
                     [
                        2.091841668312185,
                        41.22608856868309
                     ],
                     [
                        0.810524529635188,
                        41.01473196060934
                     ],
                     [
                        0.721331007499401,
                        40.678318386389236
                     ],
                     [
                        0.106691521819869,
                        40.12393362076202
                     ],
                     [
                        -0.278711310212941,
                        39.30997813573272
                     ],
                     [
                        0.111290724293838,
                        38.73851430923303
                     ],
                     [
                        -0.467123582349103,
                        38.29236583104115
                     ],
                     [
                        -0.683389451490598,
                        37.642353827457825
                     ],
                     [
                        -1.438382127274849,
                        37.443063666324214
                     ],
                     [
                        -2.146452602538119,
                        36.67414419203728
                     ],
                     [
                        -3.415780808923387,
                        36.65889964451118
                     ],
                     [
                        -4.368900926114719,
                        36.677839056946155
                     ],
                     [
                        -4.995219285492211,
                        36.32470815687964
                     ],
                     [
                        -5.377159796561457,
                        35.946850083961465
                     ],
                     [
                        -5.866432257500904,
                        36.02981659600606
                     ],
                     [
                        -6.236693894872175,
                        36.367677110330334
                     ],
                     [
                        -6.520190802425404,
                        36.94291331638732
                     ],
                     [
                        -7.453725551778092,
                        37.09778758396607
                     ],
                     [
                        -7.537105475281024,
                        37.42890432387623
                     ],
                     [
                        -7.166507941099865,
                        37.803894354802225
                     ],
                     [
                        -7.029281175148796,
                        38.07576406508977
                     ],
                     [
                        -7.374092169616318,
                        38.37305858006492
                     ],
                     [
                        -7.098036668313128,
                        39.03007274022378
                     ],
                     [
                        -7.498632371439725,
                        39.62957103124181
                     ],
                     [
                        -7.066591559263529,
                        39.71189158788277
                     ],
                     [
                        -7.026413133156595,
                        40.184524237624245
                     ],
                     [
                        -6.864019944679385,
                        40.33087189387483
                     ],
                     [
                        -6.851126674822552,
                        41.11108266861753
                     ],
                     [
                        -6.389087693700915,
                        41.381815497394655
                     ],
                     [
                        -6.668605515967656,
                        41.883386949219584
                     ],
                     [
                        -7.251308966490824,
                        41.91834605566505
                     ],
                     [
                        -7.422512986673795,
                        41.79207469335983
                     ],
                     [
                        -8.013174607769912,
                        41.790886135417125
                     ],
                     [
                        -8.263856980817792,
                        42.28046865495034
                     ],
                     [
                        -8.67194576662672,
                        42.13468943945496
                     ],
                     [
                        -9.034817674180246,
                        41.88057058365967
                     ]
                  ]
               ]
            }
         },
         {
            "type":"Feature",
            "id": "05",
            "properties":{
               "name":"France"
            },
            "geometry":{
               "type":"MultiPolygon",
               "coordinates":[
                  [
                     [
                        [
                           -52.55642473001839,
                           2.504705308437053
                        ],
                        [
                           -52.93965715189498,
                           2.124857692875622
                        ],
                        [
                           -53.418465135295264,
                           2.053389187016037
                        ],
                        [
                           -53.554839240113495,
                           2.334896551925965
                        ],
                        [
                           -53.77852067728889,
                           2.376702785650053
                        ],
                        [
                           -54.08806250671728,
                           2.105556545414629
                        ],
                        [
                           -54.52475419779975,
                           2.311848863123785
                        ],
                        [
                           -54.27122962097578,
                           2.738747870286943
                        ],
                        [
                           -54.18428402364474,
                           3.194172268075235
                        ],
                        [
                           -54.01150387227682,
                           3.622569891774858
                        ],
                        [
                           -54.399542202356514,
                           4.212611395683481
                        ],
                        [
                           -54.47863298197922,
                           4.896755682795643
                        ],
                        [
                           -53.95804460307093,
                           5.756548163267809
                        ],
                        [
                           -53.618452928264844,
                           5.646529038918402
                        ],
                        [
                           -52.88214128275408,
                           5.409850979021599
                        ],
                        [
                           -51.82334286152593,
                           4.565768133966145
                        ],
                        [
                           -51.65779741067888,
                           4.156232408053029
                        ],
                        [
                           -52.24933753112398,
                           3.241094468596287
                        ],
                        [
                           -52.55642473001839,
                           2.504705308437053
                        ]
                     ]
                  ],
                  [
                     [
                        [
                           9.560016310269134,
                           42.15249197037957
                        ],
                        [
                           9.229752231491773,
                           41.38000682226445
                        ],
                        [
                           8.77572309737536,
                           41.58361196549444
                        ],
                        [
                           8.54421268070783,
                           42.25651662858308
                        ],
                        [
                           8.746009148807588,
                           42.62812185319396
                        ],
                        [
                           9.390000848028905,
                           43.00998484961474
                        ],
                        [
                           9.560016310269134,
                           42.15249197037957
                        ]
                     ]
                  ],
                  [
                     [
                        [
                           3.588184441755715,
                           50.37899241800358
                        ],
                        [
                           4.28602298342514,
                           49.907496649772554
                        ],
                        [
                           4.799221632515753,
                           49.98537303323633
                        ],
                        [
                           5.674051954784885,
                           49.52948354755745
                        ],
                        [
                           5.897759230176376,
                           49.44266714130717
                        ],
                        [
                           6.186320428094206,
                           49.46380280211446
                        ],
                        [
                           6.658229607783539,
                           49.20195831969155
                        ],
                        [
                           8.099278598674772,
                           49.01778351500337
                        ],
                        [
                           7.593676385131062,
                           48.33301911070373
                        ],
                        [
                           7.46675906742223,
                           47.620581976911865
                        ],
                        [
                           7.192202182655535,
                           47.44976552997099
                        ],
                        [
                           6.736571079138088,
                           47.54180125588289
                        ],
                        [
                           6.768713820023634,
                           47.28770823830368
                        ],
                        [
                           6.037388950228972,
                           46.72577871356191
                        ],
                        [
                           6.022609490593567,
                           46.272989813820516
                        ],
                        [
                           6.500099724970454,
                           46.42967275652944
                        ],
                        [
                           6.843592970414562,
                           45.99114655210067
                        ],
                        [
                           6.802355177445662,
                           45.70857982032867
                        ],
                        [
                           7.096652459347837,
                           45.333098863295874
                        ],
                        [
                           6.749955275101711,
                           45.02851797136759
                        ],
                        [
                           7.007562290076663,
                           44.25476675066139
                        ],
                        [
                           7.549596388386163,
                           44.12790110938482
                        ],
                        [
                           7.435184767291843,
                           43.69384491634918
                        ],
                        [
                           6.529245232783068,
                           43.12889232031836
                        ],
                        [
                           4.556962517931396,
                           43.39965098731158
                        ],
                        [
                           3.10041059735272,
                           43.075200507167125
                        ],
                        [
                           2.985998976258486,
                           42.47301504166989
                        ],
                        [
                           1.826793247087181,
                           42.34338471126566
                        ],
                        [
                           0.701590610363922,
                           42.79573436133265
                        ],
                        [
                           0.338046909190581,
                           42.579546006839564
                        ],
                        [
                           -1.502770961910471,
                           43.03401439063049
                        ],
                        [
                           -1.901351284177735,
                           43.42280202897834
                        ],
                        [
                           -1.384225226232957,
                           44.02261037859017
                        ],
                        [
                           -1.193797573237362,
                           46.014917710954876
                        ],
                        [
                           -2.225724249673789,
                           47.06436269793821
                        ],
                        [
                           -2.963276129559574,
                           47.570326646507965
                        ],
                        [
                           -4.491554938159481,
                           47.95495433205642
                        ],
                        [
                           -4.592349819344747,
                           48.68416046812695
                        ],
                        [
                           -3.295813971357745,
                           48.901692409859635
                        ],
                        [
                           -1.616510789384932,
                           48.644421291694584
                        ],
                        [
                           -1.933494025063254,
                           49.776341864615766
                        ],
                        [
                           -0.98946895995536,
                           49.347375800160876
                        ],
                        [
                           1.338761020522753,
                           50.12717316344526
                        ],
                        [
                           1.6390010921385,
                           50.946606350297515
                        ],
                        [
                           2.513573032246171,
                           51.14850617126185
                        ],
                        [
                           2.658422071960331,
                           50.79684804951566
                        ],
                        [
                           3.123251580425716,
                           50.78036326761452
                        ],
                        [
                           3.588184441755715,
                           50.37899241800358
                        ]
                     ]
                  ]
               ]
            }
         },
         {
            "type":"Feature",
            "id": "06",
            "properties":{
               "name":"Hungary"
            },
            "geometry":{
               "type":"Polygon",
               "coordinates":[
                  [
                     [
                        16.202298211337364,
                        46.85238597267696
                     ],
                     [
                        16.534267612380376,
                        47.49617096616912
                     ],
                     [
                        16.340584344150415,
                        47.71290192320123
                     ],
                     [
                        16.90375410326726,
                        47.71486562762833
                     ],
                     [
                        16.979666782304037,
                        48.123497015976305
                     ],
                     [
                        17.48847293464982,
                        47.86746613218621
                     ],
                     [
                        17.857132602620027,
                        47.758428860050365
                     ],
                     [
                        18.696512892336926,
                        47.880953681014404
                     ],
                     [
                        18.77702477384767,
                        48.081768296900634
                     ],
                     [
                        19.17436486173989,
                        48.11137889260387
                     ],
                     [
                        19.661363559658497,
                        48.26661489520866
                     ],
                     [
                        19.769470656013112,
                        48.202691148463614
                     ],
                     [
                        20.239054396249347,
                        48.32756724709692
                     ],
                     [
                        20.473562045989866,
                        48.56285004332181
                     ],
                     [
                        20.801293979584926,
                        48.623854071642384
                     ],
                     [
                        21.872236362401736,
                        48.31997081155002
                     ],
                     [
                        22.08560835133485,
                        48.42226430927179
                     ],
                     [
                        22.640819939878753,
                        48.15023956968735
                     ],
                     [
                        22.710531447040495,
                        47.88219391538941
                     ],
                     [
                        22.099767693782834,
                        47.6724392767167
                     ],
                     [
                        21.62651492685387,
                        46.99423777931816
                     ],
                     [
                        21.02195234547125,
                        46.3160879583519
                     ],
                     [
                        20.220192498462836,
                        46.127468980486555
                     ],
                     [
                        19.596044549241583,
                        46.17172984474454
                     ],
                     [
                        18.82983808764996,
                        45.90887767189193
                     ],
                     [
                        18.45606245288286,
                        45.759481106136136
                     ],
                     [
                        17.630066359129557,
                        45.95176911069419
                     ],
                     [
                        16.8825150895953,
                        46.38063182228444
                     ],
                     [
                        16.564808383864857,
                        46.50375092221983
                     ],
                     [
                        16.370504998447416,
                        46.8413272161665
                     ],
                     [
                        16.202298211337364,
                        46.85238597267696
                     ]
                  ]
               ]
            }
         },
         {
            "type":"Feature",
            "id": "07",
            "properties":{
               "name":"Netherlands"
            },
            "geometry":{
               "type":"Polygon",
               "coordinates":[
                  [
                     [
                        6.074182570020923,
                        53.510403347378144
                     ],
                     [
                        6.905139601274129,
                        53.48216217713064
                     ],
                     [
                        7.092053256873896,
                        53.14404328064489
                     ],
                     [
                        6.842869500362383,
                        52.22844025329755
                     ],
                     [
                        6.589396599970826,
                        51.852029120483394
                     ],
                     [
                        5.988658074577813,
                        51.851615709025054
                     ],
                     [
                        6.156658155958779,
                        50.80372101501058
                     ],
                     [
                        5.606975945670001,
                        51.037298488969775
                     ],
                     [
                        4.973991326526914,
                        51.475023708698124
                     ],
                     [
                        4.047071160507527,
                        51.26725861266857
                     ],
                     [
                        3.314971144228537,
                        51.34575511331991
                     ],
                     [
                        3.830288527043137,
                        51.62054454203195
                     ],
                     [
                        4.705997348661185,
                        53.09179840759776
                     ],
                     [
                        6.074182570020923,
                        53.510403347378144
                     ]
                  ]
               ]
            }
         },
         {
            "type":"Feature",
            "id": "08",
            "properties":{
               "name":"Slovakia"
            },
            "geometry":{
               "type":"Polygon",
               "coordinates":[
                  [
                     [
                        18.853144158613617,
                        49.49622976337764
                     ],
                     [
                        18.909574822676316,
                        49.435845852244576
                     ],
                     [
                        19.320712517990472,
                        49.571574001659194
                     ],
                     [
                        19.825022820726872,
                        49.21712535256923
                     ],
                     [
                        20.41583947111985,
                        49.43145335549977
                     ],
                     [
                        20.887955356538413,
                        49.32877228453583
                     ],
                     [
                        21.607808058364213,
                        49.47010732685409
                     ],
                     [
                        22.558137648211755,
                        49.085738023467144
                     ],
                     [
                        22.28084191253356,
                        48.82539215758067
                     ],
                     [
                        22.08560835133485,
                        48.42226430927179
                     ],
                     [
                        21.872236362401736,
                        48.31997081155002
                     ],
                     [
                        20.801293979584926,
                        48.623854071642384
                     ],
                     [
                        20.473562045989866,
                        48.56285004332181
                     ],
                     [
                        20.239054396249347,
                        48.32756724709692
                     ],
                     [
                        19.769470656013112,
                        48.202691148463614
                     ],
                     [
                        19.661363559658497,
                        48.26661489520866
                     ],
                     [
                        19.17436486173989,
                        48.11137889260387
                     ],
                     [
                        18.77702477384767,
                        48.081768296900634
                     ],
                     [
                        18.696512892336926,
                        47.880953681014404
                     ],
                     [
                        17.857132602620027,
                        47.758428860050365
                     ],
                     [
                        17.48847293464982,
                        47.86746613218621
                     ],
                     [
                        16.979666782304037,
                        48.123497015976305
                     ],
                     [
                        16.879982944413,
                        48.47001333270947
                     ],
                     [
                        16.960288120194576,
                        48.5969823268506
                     ],
                     [
                        17.101984897538898,
                        48.81696889911711
                     ],
                     [
                        17.545006951577108,
                        48.80001902932537
                     ],
                     [
                        17.88648481616181,
                        48.90347524677371
                     ],
                     [
                        17.913511590250465,
                        48.996492824899086
                     ],
                     [
                        18.104972771891852,
                        49.04398346617531
                     ],
                     [
                        18.170498488037964,
                        49.271514797556435
                     ],
                     [
                        18.399993523846177,
                        49.31500051533004
                     ],
                     [
                        18.554971144289482,
                        49.49501536721878
                     ],
                     [
                        18.853144158613617,
                        49.49622976337764
                     ]
                  ]
               ]
            }
         }
      ]
   }
